"X1","X2","Class"
0.303721304910177,0.00942580139704615,"1"
0.347991653312664,0.000156400598775381,"1"
-0.274968428156339,0.80472380406916,"2"
0.336592142714738,0.00824236562803071,"1"
0.368421494728849,0.00414370237596514,"1"
-0.10674921649968,-0.381011855141764,"2"
0.344858101163726,0.0153023122109593,"1"
0.31505283246994,0.0272808309551559,"1"
0.476366634282022,-0.332642276182785,"2"
0.391600936502922,0.013931600924236,"1"
0.364815702225852,0.0250436087978363,"1"
0.327964928933083,0.0374027425900841,"1"
-0.867468974015794,0.300811088697832,"2"
0.319012226692771,0.0434858391106645,"1"
0.238273939416568,-0.488138614108135,"2"
-0.300992370823223,-0.29522404667619,"2"
0.327385051404454,0.046312442409024,"1"
0.344259541914308,0.0480179789684177,"1"
0.369079471060621,0.0490387756251059,"1"
0.369347578456532,0.0539679352278309,"1"
0.198999880843827,0.805509452946125,"2"
-0.389061699217038,-0.0251036174179194,"2"
-0.990673841501191,0.126456752171804,"2"
-0.148815365892804,-0.47667972241954,"2"
0.683354152837408,0.155656058024389,"2"
0.305197308560015,0.066463777955974,"1"
0.370374877784156,0.0637942336339772,"1"
-1.00648932364076,0.197021964582157,"2"
0.603793271788164,-0.0448340980366241,"2"
0.654684992207236,0.111052492178261,"2"
0.328700485997873,0.0725219173660042,"1"
0.627114925768951,0.00629485507176132,"2"
0.343505361915897,0.0758098776585443,"1"
0.342687835593378,0.0804860026860978,"1"
0.678559131097831,0.255659833523519,"2"
-0.935686339036488,0.138011248871525,"2"
-1.02741613951701,0.068530873439799,"2"
-0.248753238615214,0.915458070522567,"2"
-0.514229422074681,0.724764169217166,"2"
-0.925040832583401,0.123017748964094,"2"
0.382582734359647,0.0831572016437762,"1"
0.36364373916147,0.08900043851111,"1"
-0.671735398783463,0.613264185152733,"2"
0.363163178088606,0.0939392259384494,"1"
0.345721480269451,0.0990164711474115,"1"
-0.349431304272344,-0.269664841801663,"2"
0.259742690649016,-0.486747315834067,"2"
0.358016200236864,0.103796164084841,"1"
0.378959704245745,0.109089655157673,"1"
0.167415107094953,-0.474592028674745,"2"
0.354404401812996,-0.436697822001518,"2"
0.668541930854749,0.340468730812532,"2"
0.30091966022266,0.111753075589765,"1"
-0.840774298539662,0.352059610057935,"2"
-0.0547432805459157,0.806557422534325,"2"
0.321609141811327,0.116867517142126,"1"
0.368457584568344,0.124124323480913,"1"
0.371630762944899,0.129480392705521,"1"
0.050063594150362,0.874063532874819,"2"
-0.0827973516433703,-0.413709890999466,"2"
0.0624956643880827,-0.532805152200762,"2"
0.387056460205797,0.716082523945146,"2"
0.324332638755597,-0.474382992296648,"2"
-0.317382160553011,-0.0267116451151119,"2"
0.346879347146208,0.132525241510916,"1"
0.354833136742394,0.13820808638407,"1"
-0.335830592882357,-0.141062489397895,"2"
0.294875739077069,0.136390332583703,"1"
0.39568271135031,0.153503766241888,"1"
0.28931568379297,0.144100500289162,"1"
-0.545916259117224,0.73460830491753,"2"
0.349210634578418,0.157622048190091,"1"
0.335139398324411,0.160325619311325,"1"
-0.260428455909993,0.78632126318169,"2"
0.536070138647479,-0.219731678531582,"2"
0.327736087774834,0.163898208199874,"1"
0.356520510032253,0.174432834182509,"1"
-0.210235447856938,0.895867033721602,"2"
-0.00424245733668583,0.889212573650559,"2"
0.35948799479929,0.18037003462123,"1"
0.384325935726268,0.191360244585177,"1"
0.376006109825399,0.195170657357238,"1"
-0.249703643861592,-0.402011539519746,"2"
0.0837762543030056,-0.519723828810588,"2"
0.333718386558393,0.190186222225826,"1"
-0.22931063267611,-0.37312280188432,"2"
0.315350705241962,0.190451148697441,"1"
0.311445205663216,0.194322468251856,"1"
0.336356354475045,0.206689750358481,"1"
0.284885521808449,0.19604893109421,"1"
-0.5457403703707,0.689881290808732,"2"
0.33595354980341,0.2174087179813,"1"
0.34359262682869,0.225530696994655,"1"
0.296995987318317,0.21462849301497,"1"
0.312533548557967,0.225462458453796,"1"
0.256412903912563,0.209126902390648,"1"
0.328063645339796,0.242520595135743,"1"
0.336035682937614,0.251613642346469,"1"
-0.651011917650919,0.606560862974207,"2"
0.333751238906443,0.256593240900152,"1"
-0.251601860884955,0.859904237423317,"2"
0.39082660635739,0.288278129483592,"1"
0.67324562139708,0.059396951943359,"2"
-0.906098039418506,0.228264456831603,"2"
0.343202184331261,0.273128488633888,"1"
0.300734623198114,0.259012101410921,"1"
0.289012517414284,0.258923039582231,"1"
-0.0914488316339155,-0.459720619716681,"2"
0.278455494029137,0.259136532578506,"1"
0.282889579210397,0.267071406111203,"1"
0.217357373494721,0.236788796857407,"1"
0.272563802595177,0.272813913410679,"1"
0.273731526335612,0.279274024853448,"1"
0.285506004040757,0.292283429897308,"1"
-0.0206855240334576,-0.531323770267931,"2"
0.3266869675085,-0.428956188234343,"2"
0.122857757780419,0.808313304464938,"2"
0.302800653104618,0.309269843741402,"1"
0.0237407663661447,0.783585854352481,"2"
-0.184898788762184,-0.399932001332988,"2"
0.314029596728251,0.32314142476379,"1"
0.542042194845167,0.498113677486631,"2"
0.648233255328353,0.276443238297619,"2"
0.300863342168224,0.321495947240586,"1"
0.288438052517444,0.319989675871125,"1"
0.259394452495425,0.306544225621512,"1"
0.252405496242134,0.307918643021079,"1"
-0.392007704992191,-0.268240374954634,"2"
0.291552093437889,0.34320973874335,"1"
-0.325472874134801,-0.0771835733430107,"2"
-0.95634061407149,0.315388135436157,"2"
0.270892941999527,0.334882708745084,"1"
0.255753039702234,0.330157275270279,"1"
0.266509756705332,0.345708803419004,"1"
0.58587010901799,-0.281345062403193,"2"
0.224159900650655,0.318157417758522,"1"
-0.199794307698938,-0.391253088930201,"2"
-0.293062395807825,-0.111497776769073,"2"
-0.155372077500229,-0.42805232485704,"2"
-0.0952328599987373,0.85424462799591,"2"
0.246062222478831,0.343257909394677,"1"
0.216671218243983,0.324946720141574,"1"
0.23643865213627,0.349335673706815,"1"
0.247272084272849,-0.469417631677648,"2"
-0.510587110396445,0.695260073777808,"2"
-0.413101271939968,0.771788925261976,"2"
0.242566211172501,0.362354002190035,"1"
0.213125525220656,0.342382458110799,"1"
-0.372986851599204,-0.19444828039282,"2"
0.565801622054634,-0.0204507080690078,"2"
0.00501974624762564,-0.507740726261201,"2"
0.226968157560569,0.362997881501526,"1"
0.203782577742033,0.347770782004735,"1"
-0.166210087614918,-0.433700839038544,"2"
0.228986318120459,0.38088449120117,"1"
0.181899179742988,0.339904954409678,"1"
0.582547341145861,0.446412638605712,"2"
0.167152220001576,0.843699829549781,"2"
0.218790848847541,0.386836781944364,"1"
-0.292101660578558,-0.322474609597192,"2"
0.204510367307202,0.379630936454826,"1"
-0.0311994847750835,-0.470801884025577,"2"
-0.133782039901397,-0.437831738172896,"2"
-0.388214951729908,-0.0776394052803182,"2"
-0.90543596307463,0.346345136119027,"2"
0.39306530519341,-0.459593103216479,"2"
0.631341850992918,-0.0270336848197601,"2"
-0.949513382186076,0.0674257502419173,"2"
0.228784488493161,0.415577318380139,"1"
0.237539633526491,0.435219581420313,"1"
0.61709167723146,0.411557932504904,"2"
0.162998081353902,0.767464015048822,"2"
-0.785266935699223,0.496912682611071,"2"
-0.301145562032581,-0.335681709305079,"2"
0.232933628216268,0.439750782792303,"1"
0.206958614765268,0.418063515600017,"1"
0.206357675338458,0.427032570807687,"1"
0.599887801849745,0.44523562778681,"2"
0.153307747606209,-0.531033795995222,"2"
0.208239772505578,0.439539091486217,"1"
0.417075674838698,0.704298577008629,"2"
-0.650339137503603,0.509403601015777,"2"
0.186219282523372,0.420676597403973,"1"
-0.352573028247219,-0.194966180093403,"2"
0.488952872460056,0.576703948101563,"2"
0.167772990304741,0.405473780463968,"1"
0.17573709294052,0.426480636195502,"1"
-0.169751076678621,0.825424484403148,"2"
-0.328004341487928,-0.21481477840685,"2"
-0.0236046726414277,-0.425934931848744,"2"
0.152382391315928,0.403109222866368,"1"
-0.361910385361173,-0.154373337868364,"2"
0.564127976747654,-0.285889728188878,"2"
0.162300174961625,0.427867412524809,"1"
0.152379267245848,0.423457208408608,"1"
0.158173982309068,0.4434680696197,"1"
-0.0376395648454703,-0.451547119226004,"2"
0.147608204719027,0.437888157014089,"1"
-0.333157426483789,0.772639714764758,"2"
0.153158922314737,0.458836292400048,"1"
0.146497849147638,0.459808346172637,"1"
0.568977513279888,0.493332396973821,"2"
0.26103470258446,-0.467796992341691,"2"
-0.834390017009392,0.430452389079305,"2"
0.124823918798173,0.433925458018695,"1"
-0.0199009652758118,0.846654937453748,"2"
0.105188104437752,0.409993888114869,"1"
0.490749315513296,0.495031369182719,"2"
-0.58711885023949,0.691685043328431,"2"
-0.0833254232625277,-0.506156656866054,"2"
0.131238053156941,0.471069752770566,"1"
-0.83661673386725,0.417734487881882,"2"
0.107443898002923,0.438338143160415,"1"
-0.309373664551869,-0.120602164101197,"2"
0.106912715797349,0.450376087028794,"1"
0.118071823329409,0.487577608326209,"1"
0.105329133631474,0.475434537436569,"1"
0.666014382591838,0.216357298473064,"2"
0.0876532257284356,0.451202887967284,"1"
0.670898933535369,0.190141615792956,"2"
0.125805422460321,0.858366620795748,"2"
-0.893369910748662,0.353815055928145,"2"
-0.219231439033659,-0.395887304446923,"2"
0.0976356202319375,0.489390200707452,"1"
0.0897965672404766,0.487300228116138,"1"
-0.134830914630855,-0.506913168104634,"2"
0.111754379082224,0.848080408884762,"2"
0.0737136468303843,0.464249335431906,"1"
-0.326520011154849,-0.0595869409686894,"2"
0.319119881727052,0.687315945344979,"2"
0.088660835488942,0.52005234610915,"1"
-0.362143187259387,-0.180930246955981,"2"
-0.160779230686346,0.851789491356536,"2"
-0.287403452645604,-0.211211104695416,"2"
0.178749860688371,-0.463717019892334,"2"
0.239417433326355,0.819697804170292,"2"
-0.358047948559048,-0.0458251845281956,"2"
-0.206526254926262,-0.343228169338454,"2"
-0.332581515895158,-0.28065351677248,"2"
0.630010639895239,0.386435485573474,"2"
0.080064633539985,0.516454380623435,"1"
0.0595478350877583,0.478740871822599,"1"
0.0467053076727383,0.460224395529537,"1"
0.651365373798992,0.179026150586488,"2"
0.588351218453488,0.47156955910758,"2"
-0.125138990651956,-0.473014830252481,"2"
-0.410792828951199,0.797203104067933,"2"
0.0564028316370137,0.509314449328481,"1"
0.0512775407642529,0.515100410181201,"1"
0.0410151435809851,0.503960538502307,"1"
0.0175025262045,0.444545689732226,"1"
-0.311424796873796,-0.125073683867649,"2"
0.645484004330331,0.0530226609805646,"2"
-0.973286639180952,0.0969660026174706,"2"
0.0284865676035389,0.507611177399467,"1"
0.651022898567751,0.314988717514738,"2"
0.0170541532379239,0.489182085141586,"1"
-0.272562012728847,-0.290478055279245,"2"
0.639297253214656,0.0289777147018167,"2"
0.70647712849913,-0.0337895396534635,"2"
0.0070075097960832,0.474276983195409,"1"
-0.36682006315965,-0.134256005695217,"2"
0.685306563684195,0.295852271572583,"2"
-0.485829471743128,0.76918744161769,"2"
-0.106142414079268,0.867074908002276,"2"
0.00714110398633486,0.502499201161598,"1"
-0.000698216263886577,0.496709733372135,"1"
-0.0123360736083721,0.470891397664212,"1"
0.493194191038237,-0.269270840667522,"2"
-0.0162858109881432,0.482753794734204,"1"
-0.732827288934918,0.559888621502092,"2"
-0.0227169303370946,0.48193757253567,"1"
0.158569760449185,-0.51315962624644,"2"
-0.988175616969942,0.0491501645419591,"2"
-0.596441293321308,0.645670517409201,"2"
0.590071163821842,-0.207326406939565,"2"
-0.0296818755595522,0.477530442327421,"1"
-0.0346372003296362,0.486141002158811,"1"
-0.0471192128441761,0.439105053702814,"1"
-0.041523955845908,0.534675202152815,"1"
-0.0518468275206325,0.502401628357831,"1"
-0.0547001543490234,0.54241647903955,"1"
-0.0659282118093848,0.488978096633809,"1"
-0.0722701995038062,0.488979950677953,"1"
-0.0779369243030737,0.502065182605886,"1"
0.661411932439249,0.206663399642985,"2"
0.286430988920441,-0.498525591260702,"2"
-0.0832985008140271,0.531990231118448,"1"
-0.0917306887810621,0.473847305684518,"1"
0.615150773524047,0.0869595011553091,"2"
-0.381564789829674,-0.162646350510251,"2"
-0.338852776491738,-0.146242348996045,"2"
0.278206748273952,-0.497167797197629,"2"
-0.0975685969096818,0.50059819963606,"1"
0.531141310375477,-0.290422318283692,"2"
-0.390300976273505,0.773753046408713,"2"
-0.104103423040152,0.467994843341076,"1"
-0.341396676876208,-0.166398286193576,"2"
-0.306773367579086,-0.107722278908091,"2"
0.325819073443329,-0.496530170467381,"2"
-0.110430089046651,0.482392509872518,"1"
-0.118038074357898,0.530345378255887,"1"
-0.125368577228216,0.538989411853217,"1"
0.515676721238467,-0.30755066306041,"2"
0.318225904194603,0.72275523412809,"2"
-0.131346455919941,0.517153899414282,"1"
-0.136259626498214,0.48741977810427,"1"
-0.143780780577501,0.500327202672559,"1"
-0.155939237254912,0.559654624660077,"1"
-0.155116762508267,0.480310938257631,"1"
-0.164082316274952,0.501088299455207,"1"
-0.280528595035946,0.780006343082996,"2"
-0.797633290318341,0.522363567328325,"2"
-0.296039504498224,-0.0596357725759446,"2"
-0.169740961248287,0.492269086671705,"1"
-0.176578443681916,0.492929021963783,"1"
0.00131808894646698,-0.493788652173502,"2"
0.433671009811517,0.539144463215994,"2"
-0.181684674657265,0.482267827691946,"1"
-0.190039727491995,0.491942667602709,"1"
-0.912792706203353,0.193092752627557,"2"
-0.20059502308427,0.511848633620549,"1"
-0.213975821449223,0.543023670889952,"1"
0.683037176579624,0.0324955224750896,"2"
-0.218312348056232,0.527318239223518,"1"
0.381440976710579,-0.38589442446831,"2"
-0.225150234710003,0.524327926436534,"1"
-0.221905344742054,-0.343406726241568,"2"
-0.223414223756654,0.48562897453034,"1"
-0.227609663675824,0.474311241608601,"1"
0.677121400263374,0.264799572464249,"2"
-0.284481360588985,-0.392234390936404,"2"
-0.226834984051934,0.445334403789439,"1"
0.0714469608944903,-0.501611578351187,"2"
-0.393601250123434,-0.142101285245672,"2"
-0.0379303884679015,-0.54288999340446,"2"
-0.339606906898265,-0.22417069341551,"2"
-0.252627176478488,0.513472376956663,"1"
-0.247731990328971,0.470974856474333,"1"
-0.256808259672469,0.477267427419432,"1"
0.245524431891483,-0.488217069433241,"2"
-0.261969051889311,0.470682022352365,"1"
-0.285370189001236,0.51834270615441,"1"
-0.281088282115196,0.483384491724415,"1"
-0.664471524942545,0.640570301157661,"2"
-0.299073261009823,0.511552900850359,"1"
0.155526284450403,0.776324756753294,"2"
-0.35520228248129,-0.206675819745179,"2"
-0.291654741772365,0.470864545711779,"1"
-0.287696315017597,0.441702205506472,"1"
-0.306159924952752,0.468800448205034,"1"
-0.356697081327358,0.568709575951045,"1"
-0.306007758752115,0.433041609293899,"1"
0.635849002364083,0.228730910709187,"2"
0.6306277625238,-0.137034148459465,"2"
-0.331089779509288,0.471459577874002,"1"
0.632547902726573,0.408336279492757,"2"
0.627305702856131,0.355270979534167,"2"
0.029240078506813,-0.523466873853102,"2"
-0.327063753267133,0.445773298365379,"1"
-0.338893398738604,0.453829737507389,"1"
-0.39665909404815,0.551745401939232,"1"
-0.347848007363702,0.43964493331084,"1"
-0.950686174465264,0.192810494637798,"2"
0.556089644591917,-0.214593619400372,"2"
-0.374159995144002,0.473278741575126,"1"
-0.377768081630341,0.463866773484922,"1"
-0.359817582891211,0.41720543437876,"1"
-0.390488063899516,0.455235697262395,"1"
-0.386416791154911,0.433785710347306,"1"
-0.322381201423287,-0.301076568625972,"2"
-0.383121681432067,0.414540933914858,"1"
-0.411283532348306,0.444879550257199,"1"
-0.368951695774488,-0.0838237851069435,"2"
0.632409336224539,0.0783531053667581,"2"
-0.897330206170248,0.301923209091475,"2"
-0.403312026907989,0.418842445477092,"1"
-0.393207879245063,0.390853054729078,"1"
-0.424219914167021,0.422719507213112,"1"
-0.406129817084491,0.384543908056483,"1"
0.287934423735079,0.751152416620503,"2"
-0.662220547063881,0.568687938430433,"2"
-0.636715136030542,0.642929817438099,"2"
-0.294352262493119,-0.250373295496325,"2"
-0.418322927886589,0.389002766084229,"1"
-0.404289283970526,0.358531800236973,"1"
0.111177539202416,-0.53839393922833,"2"
-0.408191042446169,0.352340051582534,"1"
-0.332505722315708,-0.0185004485309783,"2"
-0.439895051004074,0.380832405173692,"1"
-0.158380556385097,-0.374832368722038,"2"
-0.441053307787822,0.370555254519339,"1"
-0.163641399546425,-0.452109848825624,"2"
-0.494127002955362,0.421841559623722,"1"
-0.300399024879676,-0.364986314631646,"2"
0.415798527191278,0.597312713307711,"2"
-0.487741781055084,0.722277827845841,"2"
0.132355984815335,-0.536355632228316,"2"
-0.425672190670927,0.330417244760519,"1"
0.681829075406512,-0.0556119496100861,"2"
0.717177287120986,0.0380446853914252,"2"
-0.079174893915732,-0.477932523069451,"2"
-0.427295258008172,0.748235374151167,"2"
-0.480091895659981,0.381090615062281,"1"
-0.51210903759695,0.404441321046188,"1"
0.0185491206606737,-0.506247591110691,"2"
-0.486707836219207,0.365218258062166,"1"
-0.49399499281046,0.361569803215902,"1"
-0.498913864227597,0.355416252280723,"1"
-0.483548565160447,0.329308203139344,"1"
0.240449799865555,-0.556752651583027,"2"
-0.780101786747081,0.421170297564045,"2"
0.50031059588138,-0.345806080505977,"2"
0.72609951509305,0.0930475786481278,"2"
-0.500858514745648,0.335565077544701,"1"
0.563272995833734,-0.255967687658416,"2"
-0.921906751802373,0.340839908136755,"2"
-0.529561016964744,0.351850069893781,"1"
0.627522269909685,0.316940459866598,"2"
-0.511584264026316,0.324484259047267,"1"
0.457983232785549,0.586928257073798,"2"
-0.509003582749566,0.311852837725411,"1"
-0.532932117556016,0.322465040787235,"1"
-0.557027415037383,0.332349125897188,"1"
-0.349778916874468,-0.118164657366907,"2"
-0.907713927033928,0.203796571295565,"2"
0.141124495732751,0.833054931405984,"2"
-0.506801525499979,0.280430415402126,"1"
0.680593459413573,0.146566161848516,"2"
0.288147885880471,0.796547105003043,"2"
-0.188433780734625,-0.433804942818824,"2"
-0.53854900963256,0.296338922552423,"1"
0.579622748574013,-0.192657620059353,"2"
0.63843406283138,-0.176584932346239,"2"
-0.533340089365626,0.282345813275351,"1"
-0.572850185707441,0.302605283252761,"1"
0.428390787451146,-0.428662299251884,"2"
-0.34612746543322,-0.294024837757593,"2"
-0.262737757878484,0.857661518866766,"2"
0.647421538032898,-0.0816603266328619,"2"
-0.584046427709626,0.300570770186423,"1"
-0.530470623838792,0.251806922444023,"1"
-0.900090902183934,0.251269102759412,"2"
-0.594113587620926,0.287098188935835,"1"
-0.714486714254866,0.591176600397288,"2"
-0.565783140739004,0.257671708196298,"1"
-0.556259725275087,0.241878405366287,"1"
0.293936169209717,0.720774804754684,"2"
-0.534843042127227,0.218944195215229,"1"
-0.919501128984382,0.220550961676601,"2"
0.306289223698735,0.763090339792545,"2"
0.225285480217789,-0.524926915999335,"2"
0.419798511770275,0.615377366899655,"2"
-0.538811331606095,0.212747957963522,"1"
-0.544238308113726,0.207413416349428,"1"
0.462948993227438,0.518055147267124,"2"
-0.593916127918172,0.228037700679688,"1"
-0.571371767706374,0.205813603270128,"1"
-0.594772267333832,0.209931198997666,"1"
-0.588729919464795,0.197551125649785,"1"
-0.98250613472045,0.163407412769085,"2"
-0.615976847529199,0.202815032526793,"1"
-0.612579602390778,0.19183135322332,"1"
-0.596984337790454,0.175100928321248,"1"
-0.643815369071896,0.188459892062366,"1"
-0.624506338940643,0.170222271744346,"1"
-0.566769937869956,0.135716698959038,"1"
0.104124123236193,-0.541601014588186,"2"
-0.841054430308089,0.494402870604838,"2"
-0.566514039619175,0.127552088414393,"1"
-0.295345346295667,-0.219078256984222,"2"
0.539678191801368,-0.361304928321447,"2"
-0.111369095796914,-0.521333118372864,"2"
-0.609095832589568,0.137064830778795,"1"
0.325922874682378,-0.443370037222499,"2"
-0.659508707464104,0.14846648175825,"1"
-0.605738445706598,0.118746943241822,"1"
0.619909453923149,0.445063628573619,"2"
-0.113179081066093,-0.424684560176964,"2"
-0.61229253645004,0.11277763829755,"1"
-0.708899016595559,0.138354135988681,"1"
0.178650888948888,0.781041531389857,"2"
-0.316673923320139,-0.205952079498903,"2"
-0.667923855397864,0.114792922860477,"1"
-0.00214808296727214,0.816462329160123,"2"
0.641913431640095,0.265681117101611,"2"
0.674767918498683,0.00739844242361611,"2"
-0.647913068028692,0.0992424849096975,"1"
-0.653599343097743,0.0922539674499433,"1"
-0.178361663634451,-0.44078430294983,"2"
-0.674326446616637,0.0895913601944741,"1"
-0.278636624583514,-0.326748831670028,"2"
-0.651698799018404,0.0742244003260369,"1"
-0.354853607239358,-0.0223801550532553,"2"
-0.0325949956266271,0.825044966055012,"2"
-0.659347791791793,0.0676152816292162,"1"
-0.65977424957152,0.0590091270222009,"1"
-0.641651990082269,0.0459877539200878,"1"
-0.618182182354658,0.0322867606841635,"1"
0.64156198351141,0.238669331242593,"2"
-0.696966259890973,0.0409763222519588,"1"
-0.197975167958121,-0.397923489213549,"2"
-0.680922258780966,0.0287032362753607,"1"
-0.605383777417135,0.00584157642726461,"1"
-0.587086109271409,0.73465264266092,"2"
-0.620681529087261,0.000672296984580273,"1"
-0.622227345127719,-0.00707273769057362,"1"
-0.687892699302727,-0.00548250206586151,"1"
-0.708999628736455,-0.0115225247443734,"1"
-0.715815033330469,-0.0198128717668358,"1"
-0.693886833449645,-0.0313374721629467,"1"
-0.637806110570226,-0.0454845576988578,"1"
-0.857900763445577,0.41718718788292,"2"
-0.670696073713546,-0.0509863634125409,"1"
0.688099769256763,0.0671993675165119,"2"
-0.31776807525222,-0.291996774738591,"2"
-0.716530519317885,-0.0564610900037534,"1"
0.522202585759746,0.50686814709301,"2"
-0.688498201002831,-0.0671774896662744,"1"
-0.109664655672585,-0.430133478607331,"2"
-0.665509718140646,-0.0769624675653767,"1"
-0.675572589525876,-0.085199373519546,"1"
-0.677972790376098,-0.0938300895124155,"1"
0.639025330077339,-0.186196477447467,"2"
-0.575044245701114,0.760915802954502,"2"
-0.697406120362009,-0.102477668882998,"1"
-0.632470419385018,-0.110842167199577,"1"
-0.453592545686682,0.753515347831072,"2"
-0.736771530184528,-0.121334119663112,"1"
-0.68503685298359,-0.1290392957547,"1"
-0.672286388041333,-0.137311323280964,"1"
0.0191341377522637,0.893787200977595,"2"
0.586455177271367,-0.16995837413704,"2"
0.524621690146333,-0.179115526968188,"2"
-0.670388203199175,-0.145943838352208,"1"
-0.628505593061363,-0.151602969819146,"1"
0.685684453615799,-0.0118779174533389,"2"
-0.752541481079106,0.59576759539148,"2"
-0.726575872175052,-0.168364332070924,"1"
-0.642862462422467,-0.169561834987184,"1"
-0.352522711269523,-0.0419624479777891,"2"
-0.628328238847183,-0.17642755856628,"1"
-0.192812027253455,-0.37478073287872,"2"
0.592178640280294,-0.130114551099469,"2"
-0.707935353628927,-0.19480211606221,"1"
-0.371374754674314,-0.103868205732493,"2"
-1.02317394894103,0.12078263291561,"2"
-0.644018261382452,-0.195365233901026,"1"
-0.943045279782101,0.282131251118593,"2"
-0.633213985149884,-0.202376338531794,"1"
0.317559660298036,0.702893764810575,"2"
0.578942659397771,0.477051105792132,"2"
-0.665291848481771,-0.216237930709219,"1"
0.188323623824126,-0.413830458987695,"2"
-0.677879558950853,-0.227523718433961,"1"
-0.443670700786001,0.817918990577298,"2"
0.591774523878472,-0.146751939646082,"2"
-0.651542418408436,-0.231739682367802,"1"
-0.73671725369054,-0.258183174844917,"1"
0.653367117117112,0.162007268453146,"2"
-0.656540394370156,-0.250848850695695,"1"
0.0600439443603226,-0.484012688601488,"2"
0.404544102692324,0.705004145736349,"2"
-0.668182336011022,-0.262725792965374,"1"
0.612513371068551,-0.104450958649236,"2"
-0.692665342900885,-0.278144059562727,"1"
-0.707905982272756,-0.291911966215713,"1"
-0.612597405978441,-0.276004388547134,"1"
-0.629412580009353,-0.289705431300895,"1"
-0.634083984643691,-0.300306025959739,"1"
0.391425687380786,-0.442008923558815,"2"
-0.872736091242761,0.356380089623519,"2"
-0.67422749125764,-0.322294075806571,"1"
-0.641380030750099,-0.32149953916245,"1"
-0.648239720574096,-0.33349944151698,"1"
-0.649209878974901,-0.343693416252464,"1"
-0.655685139300188,-0.356073290382564,"1"
0.404655054782809,0.672232227314894,"2"
0.245996372460491,-0.546889832048352,"2"
-0.684477838669729,-0.377391712520253,"1"
0.382162372065562,-0.456128591370019,"2"
-0.71564112427883,0.645266027272103,"2"
-0.599894092239863,-0.354135309167064,"1"
-0.606865820509413,-0.366626998974588,"1"
0.469093029845482,0.625118715761054,"2"
-0.623268091562222,-0.383523635463962,"1"
-0.62481511808578,-0.394407142006013,"1"
-0.622697983717423,-0.403779189860297,"1"
-0.619888453339947,-0.412895684394127,"1"
0.0182035505269319,0.812986970213912,"2"
0.660401883695483,-0.0766684337411542,"2"
-0.644410765617529,0.634221400306039,"2"
-0.602031091170702,-0.414634383186215,"1"
0.55384028764684,0.472522389791855,"2"
0.624912261159117,0.436739227447164,"2"
-0.0360424794263622,-0.510336381839705,"2"
0.417352927514757,-0.352771986264164,"2"
-0.192602622719151,-0.358675806099617,"2"
-0.281840128227438,-0.234081278604717,"2"
-0.571180019148999,-0.409322966930702,"1"
-0.58340771409269,-0.425845127745086,"1"
-0.566120299333493,-0.426899878926505,"1"
-0.416580706101715,-0.0984381794488133,"2"
-0.545186244471127,-0.425500862737921,"1"
-0.579628322005196,-0.455494471720952,"1"
0.341983969769082,-0.495199542454659,"2"
-0.54871367174725,-0.44802902936481,"1"
-0.562514277881158,-0.467007279029052,"1"
-0.545672923435913,-0.467384129271425,"1"
0.653727921802182,0.407336065149174,"2"
0.506660252113046,-0.341129397054671,"2"
-0.561179834871431,-0.48828605922238,"1"
0.615736898654118,0.47631763512601,"2"
-0.573221185918881,-0.507652151481074,"1"
0.381112969394122,-0.411337501134388,"2"
-0.540717676195537,-0.497207507740486,"1"
-0.0869090698863815,-0.535005095382765,"2"
-0.514947946055021,-0.490492554322928,"1"
0.208237629260367,0.773071081801092,"2"
-0.240721069748771,-0.459563005283485,"2"
0.489797911487182,-0.380082507470015,"2"
-0.165177489587529,-0.466486044970837,"2"
-0.336515306118533,-0.170492476825083,"2"
-0.500835847821802,-0.491431596601944,"1"
-0.553315502665626,-0.541464380360681,"1"
-0.570107034804443,0.627528259308099,"2"
0.64421308992166,-0.133405769027788,"2"
-0.77659062386182,0.520320561872107,"2"
0.138469181971005,0.789037009617707,"2"
-0.556557628771733,-0.556307564164342,"1"
0.210337479375758,-0.48972516496866,"2"
-0.556176829137796,-0.568712943230548,"1"
-0.30888551156212,-0.0701643888248603,"2"
-0.472777669233725,-0.514673309831504,"1"
-0.498693406148253,-0.54753826577693,"1"
-0.266017737247939,-0.352638755592548,"2"
-0.514269332879831,-0.57304447457124,"1"
-0.758671772162059,0.535969441080259,"2"
-0.497023511403878,-0.571019217250005,"1"
-0.339542194316105,0.00197634183275717,"2"
-0.489061785458588,-0.576801049281553,"1"
0.0900909849636298,-0.537249745292454,"2"
0.554842212726791,0.344947615884652,"2"
-0.496884558517685,-0.596972325948445,"1"
0.590366575720935,-0.180624896906983,"2"
-0.329777882836796,-0.333221468868626,"2"
-0.477055970478673,-0.591893648882991,"1"
-0.425578664778191,-0.55572310712578,"1"
-0.47730952615263,-0.619304905029542,"1"
-0.0848312067754041,0.834605938976956,"2"
0.667886305762505,0.137099747440468,"2"
-0.459795336960088,-0.615694561365165,"1"
0.551596781116906,0.56512832138034,"2"
-0.442782965180636,-0.612080651922342,"1"
-0.438240482667847,-0.621256213535972,"1"
-0.419954612267394,-0.615548244102225,"1"
-0.183238743748742,0.85598530376984,"2"
-0.434069008416131,-0.645620232239593,"1"
-0.409552463547218,-0.632436514987947,"1"
-0.734078567673845,0.54505032652178,"2"
-0.403968698162576,-0.64064081095983,"1"
-0.393897138560551,-0.643530150143373,"1"
-0.892625615705717,0.273736780730828,"2"
-0.409177686531041,-0.67786814952018,"1"
-0.395055029571555,-0.67612624988795,"1"
-0.0963718339699571,-0.456024392335322,"2"
-0.382401759077145,-0.675916574335206,"1"
-0.408091079440007,-0.727127638881021,"1"
-0.39284647592892,-0.724106642761494,"1"
0.668225775669566,0.102576725153012,"2"
-0.359235034165563,-0.694455810173004,"1"
-0.383209396968276,-0.747126030861084,"1"
-0.357183448095527,-0.727245497383913,"1"
0.0268544008278401,-0.495426958056458,"2"
0.201174814324099,-0.51498188037415,"2"
-0.344219540810159,-0.726141548405945,"1"
-0.363937342567919,-0.776686752845389,"1"
-0.485255258219732,0.795284189016003,"2"
-0.0424545262826211,0.83343052058389,"2"
-0.314023917343738,-0.715875565014987,"1"
-0.340114541076577,-0.779282828418679,"1"
-0.293136741683891,0.787795682585911,"2"
-0.301259239459764,-0.733484123044697,"1"
-0.28033820846068,-0.716690207843833,"1"
-0.306344210651051,-0.785080050779379,"1"
-0.128460684777386,0.872464386265058,"2"
0.142867998244294,-0.488743269503761,"2"
-0.282475245496819,-0.762701104457282,"1"
0.126216117586451,-0.560451928155417,"2"
-0.249019764260317,-0.719819966430715,"1"
0.0764441200812073,-0.530745226112036,"2"
-0.277752680092885,-0.799791383081477,"1"
-0.254088354001816,-0.775222911592236,"1"
0.570441560718775,-0.232474308671726,"2"
0.429164214606615,-0.334433867620046,"2"
-0.226960924970182,-0.741235346049632,"1"
0.574496525767049,0.401027398047831,"2"
-0.227297245785601,-0.766067377711207,"1"
0.496855694262725,0.534020714573215,"2"
0.669110816359878,-0.097044599055495,"2"
0.0488912694293939,-0.53062815084784,"2"
0.361101851509946,-0.481607374682993,"2"
-0.344143235647885,-0.0711341090177046,"2"
-0.30800123949958,-0.198271974239535,"2"
0.224357238117218,0.759491886450455,"2"
-0.234457662340028,-0.80821327172098,"1"
0.688898547834478,0.120265001175657,"2"
-0.218505284910107,-0.797706587927498,"1"
-0.210592273832039,-0.806164258590374,"1"
-0.168757783916766,-0.727383167760728,"1"
-0.601860084438148,0.634307276069803,"2"
0.618569035018348,0.342257468091556,"2"
-0.182838608661856,-0.79228463310522,"1"
-0.178175886281324,-0.809861641443843,"1"
-0.182613443336451,-0.855149720885372,"1"
-0.153316265937595,-0.801697946118027,"1"
0.564823051635044,-0.296527127790293,"2"
-0.179016673098395,-0.292211572179938,"2"
0.463442817353765,-0.385610307656006,"2"
-0.129192054780278,-0.759614635954687,"1"
-0.127651585029521,-0.788341728574529,"1"
0.258377452859856,0.760566983730408,"2"
-0.616033131966968,0.713598231062104,"2"
0.648913642382858,0.304766335396178,"2"
0.516180133399024,-0.26899973139416,"2"
-0.114478359444018,-0.779161105765207,"1"
-0.106938173836196,-0.789421585726437,"1"
-0.326495986222353,-0.178343755405395,"2"
-0.107149380093273,-0.830367051258024,"1"
-0.0785674053751425,-0.758755032528468,"1"
0.284929335907035,-0.43473895558349,"2"
-0.0886071763112211,-0.844462260920871,"1"
0.533377057991149,-0.333476738132729,"2"
0.390018699137147,0.638821723274272,"2"
0.390757116734327,0.703741756500836,"2"
-0.323185067589097,-0.0165191671340348,"2"
-0.360738413897508,0.789085520105213,"2"
0.629149303169792,-0.0102543118539796,"2"
-0.0720791954093993,-0.819400605956651,"1"
-0.599657214857076,0.732149688326446,"2"
-0.0748855695395299,-0.884685612969129,"1"
-0.951739000814443,0.0190917427164926,"2"
-0.0551042223098509,-0.841617481620974,"1"
-0.0396958334683866,-0.816339735870259,"1"
0.670811089904045,0.226262458642789,"2"
-0.0386361437758405,-0.873070006538308,"1"
-0.0180352122500955,-0.811889325508014,"1"
-0.0548171191040442,-0.465381142530332,"2"
0.51332668995012,-0.213536591247108,"2"
-0.017448054801394,-0.881771209147991,"1"
0.637611713636782,-0.0959149158472309,"2"
-0.00399422624482268,-0.864703912902108,"1"
0.609432379989532,-0.145835316622624,"2"
0.00838477956362985,-0.852994224697914,"1"
-0.874410716570571,0.398909584311663,"2"
-0.264272766516128,-0.0255455252516694,"2"
-0.216702338064366,0.854863678442688,"2"
0.0238483767521557,-0.807747352571735,"1"
0.0320355041043294,-0.831361522174726,"1"
-0.192972697527523,0.842242075913123,"2"
-0.137199675913252,0.810065876192674,"2"
0.702181353247439,0.203444797719846,"2"
0.0418897657240121,-0.840888621723612,"1"
-0.232137738502516,-0.305469328647715,"2"
0.0500084626781726,-0.881834034211236,"1"
0.0640948978014145,-0.824571304595595,"1"
-0.304426086303302,-0.0175176589026444,"2"
0.074162265990436,-0.835843838293217,"1"
0.0671166219703128,0.846990771650001,"2"
0.0845563286275111,-0.845810502617488,"1"
0.0948811246888647,-0.884136961246296,"1"
0.106130585485482,-0.855184207362812,"1"
0.367998493360569,-0.446325270965022,"2"
0.116208062121571,-0.793523990084897,"1"
0.128428434653755,-0.871248370252134,"1"
0.139026937749976,-0.856567835190787,"1"
-0.206588984578019,-0.336226473447074,"2"
0.147009319557999,-0.7983276993333,"1"
0.158032723764727,-0.8094583486729,"1"
0.444568438858023,0.672795007748172,"2"
0.415667173239065,0.654478036410061,"2"
-0.863624854961324,0.378603488636919,"2"
0.170652487407208,-0.837025071901536,"1"
0.181069827370392,-0.832032916179036,"1"
0.191549591055852,-0.828482623660023,"1"
-0.222805346339104,-0.382740746185588,"2"
-0.332822758987505,-0.0409013881898299,"2"
0.20243384105091,-0.82880684629947,"1"
0.212435858092203,-0.821863099285385,"1"
-0.370919014787765,-0.166376804275638,"2"
0.491004659304089,0.63283534606573,"2"
0.229629184687309,-0.866361332875691,"1"
0.232884535451555,-0.813284518864759,"1"
0.253752889955202,-0.872677654318069,"1"
0.260132888385908,-0.843312960713794,"1"
-0.445190324324868,0.762090703149411,"2"
0.0581651666380924,0.857491896524349,"2"
0.262828342225119,-0.79864442210318,"1"
0.277331103844133,-0.81608200375863,"1"
-0.383822981156179,-0.0934903936728409,"2"
-0.195013697376257,-0.453660560333065,"2"
0.393097853373506,-0.390691881012222,"2"
0.285216847561985,-0.801186236501025,"1"
-0.373239360951103,0.791880623113802,"2"
0.308614899550163,-0.853725329455799,"1"
-0.240060557669878,-0.305198356140242,"2"
0.306363133040049,-0.796898713892687,"1"
0.334437595575622,-0.861432404216303,"1"
0.332377982843602,-0.809852382702039,"1"
0.0898563473340028,0.849826375900384,"2"
0.333676696913749,-0.774434790162068,"1"
0.650514161637156,-0.0652569718932838,"2"
0.352206335487733,-0.798759327610333,"1"
0.357184455086171,-0.777878352622234,"1"
0.244201147868493,0.77850803958315,"2"
0.401369943639103,-0.87681568732133,"1"
0.191379221072294,-0.499748773561968,"2"
-0.030073602270124,-0.540504071445834,"2"
0.359761221462741,0.695205045972898,"2"
0.3899183364129,-0.806206684422423,"1"
0.394866999182132,-0.786445742243424,"1"
0.501368087011617,0.514241868628153,"2"
0.38888365687963,-0.738653394428427,"1"
0.450008822945296,0.566507058044771,"2"
-0.742522879622255,0.506336043358719,"2"
0.416533483432547,-0.780616690503246,"1"
-0.299796953204255,0.77045008452403,"2"
0.490935408045975,0.565729762613868,"2"
-0.299207814057324,-0.0391861288647644,"2"
0.408368883246909,-0.73043900558422,"1"
0.444394753393735,-0.789100456533637,"1"
0.447187280251206,-0.766697364944644,"1"
0.448828727719048,-0.742898768395901,"1"
-0.623130927953911,0.643970769317193,"2"
0.479776955345173,-0.783480333138587,"1"
-0.741368629916571,0.536039408862872,"2"
0.521892559876787,0.495375532439364,"2"
0.487902638379391,-0.773509328224491,"1"
0.50242329807744,-0.776722312508983,"1"
0.430226711187876,-0.325212827460829,"2"
0.485834194624933,-0.35311065052039,"2"
0.0977165446465266,-0.489027927401887,"2"
0.517237661014432,-0.77995121204428,"1"
0.272659509910921,0.744046450212622,"2"
0.503812787377573,-0.729096083625064,"1"
0.495551699459732,-0.690430427139569,"1"
0.529836714992505,-0.729595751206963,"1"
0.516290706546219,-0.683308050607523,"1"
0.539845444114268,-0.701718957899157,"1"
0.537542836201781,-0.676486174535319,"1"
0.164024148439562,-0.500596715045513,"2"
0.6001510306079,-0.755402967633413,"1"
-0.511075932389212,0.742862257614428,"2"
0.579545722874257,-0.701092111975352,"1"
-0.496827166014346,0.765427493011844,"2"
0.351790432630512,0.719132785732288,"2"
-0.800776292272077,0.479149224276217,"2"
0.184729969487209,-0.549198666094399,"2"
0.614021357577376,-0.732092374979104,"1"
0.581353407217629,-0.662920706704381,"1"
0.59827589376881,-0.667587181178438,"1"
0.589053937296407,-0.635444244556381,"1"
-0.288169302688978,-0.363073589257291,"2"
0.618702086221999,-0.65700692162,"1"
0.646268040981422,0.372765673292175,"2"
-0.322695347569559,0.816587375809174,"2"
0.601379034346624,-0.615420574333739,"1"
0.654770223094368,-0.128337321802809,"2"
-0.85092953917189,0.398742605830153,"2"
0.631097957709845,-0.635748605391481,"1"
0.643495562380302,-0.633081578227801,"1"
0.655515620869427,-0.629702712712468,"1"
-0.0735985780706586,0.850953175557426,"2"
0.725328003297197,-0.694436218491315,"1"
0.675592134946835,-0.617708586024309,"1"
0.671556707298639,-0.595751992987352,"1"
-0.188055391190316,-0.423125742754046,"2"
-0.954790216294735,0.168434249806367,"2"
0.712673000631649,-0.623922235745882,"1"
0.452505080769965,-0.38443805962243,"2"
0.138550689167294,-0.522304085163949,"2"
-0.300016917550008,-0.276192864769748,"2"
-0.31484649708471,-0.190316087674291,"2"
-0.834169327063632,0.444687874245039,"2"
0.0428638543763017,-0.471526230961459,"2"
-0.329222065343065,0.798397558301077,"2"
-0.388633549794929,0.802487044050524,"2"
0.309175696233281,0.727140908666265,"2"
0.491061433424275,-0.305796533487393,"2"
0.493122341213135,0.555141705432663,"2"
0.712262779882599,-0.605945148892625,"1"
0.711181650611885,-0.587738299499836,"1"
-0.116708184278723,0.829880606269774,"2"
0.754593129940499,-0.615133161410129,"1"
0.738972270196605,-0.582352234595192,"1"
0.671401676380386,-0.500686334618185,"1"
0.609146423720464,-0.23699822199346,"2"
0.207523125249156,0.79852691976536,"2"
0.0168694365520488,-0.479598402872802,"2"
0.427643159400304,0.638402704673384,"2"
0.734380110893573,-0.545333641663707,"1"
0.614538753087894,0.331291934405246,"2"
-0.0625448239956594,0.855514236182365,"2"
0.474397514347576,-0.436977408792036,"2"
-0.33254830959822,-0.238572225312758,"2"
0.440328909670327,0.609528678045618,"2"
-0.287129804604687,-0.293262786636295,"2"
-0.372288263153538,-0.0585890821797764,"2"
0.757763128832265,-0.551054652965633,"1"
0.787269801078815,-0.561499976044344,"1"
0.118071777439007,-0.53162129207983,"2"
0.775683876797646,-0.535190250684013,"1"
0.665569016211801,0.0172924300377584,"2"
-0.100927220582957,-0.514157078663349,"2"
0.77214568752129,-0.516551219369683,"1"
0.49230002525073,-0.371167156110247,"2"
0.78226225942835,-0.509661491582116,"1"
0.769686667153115,-0.4843678835586,"1"
-0.697088257359456,0.589751267592841,"2"
0.640711253259542,0.169347141446525,"2"
0.440440952799059,-0.406002811104607,"2"
0.64438093509804,-0.106851411000677,"2"
0.858028369929417,-0.539043536021964,"1"
0.795609133320873,-0.475201206614501,"1"
0.814281708458842,-0.474481248211686,"1"
0.797891857024132,-0.447880143473561,"1"
0.847553795541728,-0.468743774062469,"1"
-0.148840727713663,0.8334932016555,"2"
0.62080491191116,0.287236559893118,"2"
0.876470064345516,-0.473723590818179,"1"
0.462889401434939,-0.463226896835256,"2"
0.840470941090704,-0.434513577170877,"1"
0.860459792176196,-0.433223314987387,"1"
0.891360334211134,-0.43832273365029,"1"
-0.00607594490557322,-0.497784964442086,"2"
0.862206407789572,-0.405666819035196,"1"
0.847457259226466,-0.382828117078599,"1"
0.87005057052524,-0.382327319505704,"1"
0.390169445053864,-0.412158466264202,"2"
-0.792530656173234,0.443995854854789,"2"
0.88440407534731,-0.376608024431046,"1"
0.915163235098579,-0.379546402810938,"1"
-0.313841382981802,-0.242339566520821,"2"
0.884341809066242,-0.349033514711225,"1"
0.233335434499438,0.731820773075832,"2"
0.867546780621103,-0.326890879068154,"1"
-1.02241850787062,0.094046534765647,"2"
0.518955936928185,-0.243547481161396,"2"
0.89474367332032,-0.327326690463859,"1"
0.291172406275048,-0.432467216854417,"2"
0.908155235662367,-0.320410447127955,"1"
-0.807657429752933,0.499532047340781,"2"
0.563606521440777,0.501253616465908,"2"
0.916451101543068,-0.310836345188249,"1"
0.919445292481614,-0.298757293596457,"1"
-0.221130401581075,0.806626351365783,"2"
0.94151834851382,-0.295031740096603,"1"
0.883656877428671,-0.257158455574034,"1"
0.07021494803635,0.810905533292311,"2"
0.930931865825726,-0.263778663561937,"1"
0.922947533867846,-0.247516995656866,"1"
-0.358963316529449,0.821049192606397,"2"
0.935726465703448,-0.239413599590047,"1"
-0.310646649381043,-0.263791542864157,"2"
0.700303166673112,0.129576718631874,"2"
-0.264191151101545,-0.358600620518741,"2"
-0.301441012644386,-0.3218766374529,"2"
0.346788826140472,-0.437621259205137,"2"
0.94669428516278,-0.230390891155036,"1"
0.94026341386802,-0.215108827362363,"1"
-0.329008766121108,-0.090223172774401,"2"
0.272016638225152,-0.437940633892301,"2"
0.97387964250356,-0.213456306867361,"1"
0.34133546870044,0.685849974685816,"2"
0.924681850404289,-0.184507644647032,"1"
0.8993691669372,-0.164314424690981,"1"
0.0854834941224855,0.786825694944016,"2"
-0.958895535452885,0.032268137898118,"2"
0.979762707510653,-0.175713510396627,"1"
1.0352373600527,-0.178053505811802,"1"
0.96835527854706,-0.146639303990049,"1"
0.98943234350093,-0.139151256438842,"1"
0.445674946627051,-0.425901638480969,"2"
0.947626891173133,-0.116250864485686,"1"
0.876639069651101,-0.0880023839557446,"1"
-0.947929727668237,0.257282132893616,"2"
1.01011921609019,-0.104715368794661,"1"
0.972014878734431,-0.0841090871808963,"1"
0.0474490818081107,-0.484444675787502,"2"
1.00641100621771,-0.0778941721101332,"1"
0.99667919993808,-0.0632785940196669,"1"
0.976930105337672,-0.0473753186815196,"1"
-1.00597004431395,0.0134275550157973,"2"
0.287085122525138,-0.458914374482695,"2"
0.964866966658122,-0.0331329701888527,"1"
0.519742296270872,-0.300955770777765,"2"
0.997658845086462,-0.0251475469361703,"1"
0.574735202162245,-0.18133635772699,"2"
-0.0455288177526952,-0.456757893270653,"2"
1.0089315119151,-0.0137798832902764,"1"
